{"Rj4YylIbr1B7q96Jfiowhg==":"chatgpt%2520image%252019%2520%25d0%25b4%25d0%25b5%25d0%25ba.%25202025%2520%25d0%25b3.,%252015_21-52-925x617.png","u4RMiUHBoMKUuvSNExYmig==":"chatgpt%2520image%252019%2520%25d0%25b4%25d0%25b5%25d0%25ba.%25202025%2520%25d0%25b3.,%252015_12-53-925x617.png","bMRLCxtPUnN9nkdXc/NHoA==":"discount-925x617.jpg","PVwE0Kqh6dLEVJW8AvzApA==":"order%25203d%2520printer-731x487.jpg","oEwchBauYGh2UudJmaFqlg==":"delivery%25203d%2520printer-731x487.jpg","keOoVXdGaZixurOMAwKN5w==":"3d%2520master%2520models-1536x1024.jpg","oHB3QO86M4rvz8+HLnal5Q==":"background2.jpg","vb/0+/wbqZ1b2WhDvl7Wgg==":"1a58802ddc802db37cafa09c7e178951-180x240.jpg","xVi1sV0SkhT1hChXkGLXLw==":"4ae6e170c3b5fa670dd47963f4c3c606-180x180.jpg","RdWqVDLnIpyOlDTuK7yC4Q==":"4f13fbd6bf965d2e5df1a49c8b5cec65-180x180.jpg","SVtdsgGp2Rnned1mSOUp0w==":"2bc2e250da267e27bb32f180efd7afb5-180x180.jpg","ls3uvsftrpcnlDxqSEoYcA==":"1226b0c66c8a356b0251e6c29160ceaa-180x135.jpg","XbXnx70UnjsHQILYVaXbKQ==":"91e066001b435e3987aa6a17d2370eaa-180x240.jpg","57NaaQljhyk8aC2DBGaUKA==":"%25d0%2591%25d0%25b5%25d0%25b7%2520%25d0%25b8%25d0%25bc%25d0%25b5%25d0%25bd%25d0%25b8-1-232x235.png","vMjewtSlD5R9p4P+4g+G4Q==":"3d-232x235.jpg","SOU6yRryc2tsFsQENWuusw==":"3d-160x162.jpg","blHVz+3AIebqiKf8Q6kOwA==":"3d-96x97.jpg","jO8ytr5dazqPXFCfsiV3Aw==":"00d74f32964c2d8fba719739c22465a3-735x490.jpg","4o8p2Q4eIaqUG5YEs1sW0A==":"1d6dfc47ac269fc0a9b2c5ff65dbf511-735x735.jpg","GVvU1iRvt5x2FnNYGGNHMw==":"1fedf2959b663033e8ba9a63152f309e-474x632.jpg","svseVo++X/Pf6JgcgaQXEw==":"23b61f93ebda40251a823f90d589d7f1-736x981.jpeg","B6q0G4cTPDvXvhGO+MC7SQ==":"30ca0eb9176455dede899b25a9209941-736x736.jpeg","n3qWM9zwMEUZAB/4XS4l8g==":"3d9d148b79e69bc8d511dbd79d9fcc56-1000x1000.jpg","wYjnYtDh6J2dkTkpdGhvtg==":"%25d0%25bf-580x553.jpg","FB3yix1jcM6ovFbFGfIlHw==":"f5f6f79966aa2a9960cafb035c815193-580x581.jpg","39cOqHzbifq2Hkt02ZrbiA==":"18a659e63cc302a89879d16de167e100-1-735x898.jpeg","UM0B0USiRU2tDrBlk5iKzw==":"4fb6f5c29e76d8990169311af4188ce3-580x773.jpg","fB5mjP4FlmL+Jc+w4xQK4Q==":"5fe9f6fd8550bfecdad0e7730eb08080-658x370.jpg","E+AGp3/Dc17fOYeu5jZgJg==":"%25d0%25a1%25d0%25bd%25d0%25b8%25d0%25bc%25d0%25be%25d0%25ba%2520%25d1%258d%25d0%25ba%25d1%2580%25d0%25b0%25d0%25bd%25d0%25b0%25202025-12-29%2520224055-634x441.png","iiUyClbdpmyfe0nnOmYidA==":"%25d0%25a1%25d0%25bd%25d0%25b8%25d0%25bc%25d0%25be%25d0%25ba%2520%25d1%258d%25d0%25ba%25d1%2580%25d0%25b0%25d0%25bd%25d0%25b0%25202025-12-29%2520224055-634x441.png","rJ8VIKdYCZSPwHi9I2IEiQ==":"3ec399d895a42d0e2141c13e19e11058-1-658x990.jpeg","zdBRUQjY70WXWSyc1OThug==":"chatgpt%2520image%25201%2520%25d1%258f%25d0%25bd%25d0%25b2.%25202026%2520%25d0%25b3.,%252020_06-9-500x500.png","Y+hdJrgHEZD7pP2sDSTcOA==":"beige%20and%20black%20trendy%20minimalist%20new%20abstract%20store%20logo%20(10)-500x500.png","/896BetjuKMcC7r7a+0NdA==":"beige%20and%20black%20trendy%20minimalist%20new%20abstract%20store%20logo%20(9)-500x500.png","mHyTEfuvsOGeG4pc6DEliQ==":"beige%20and%20black%20trendy%20minimalist%20new%20abstract%20store%20logo%20(8)-500x500.png","ns+6jmCNxyuPxmJgnVCArw==":"beige%20and%20black%20trendy%20minimalist%20new%20abstract%20store%20logo%20(7)-500x500.png","wC9VgKphlcX7PDe+q8c6lQ==":"beige%20and%20black%20trendy%20minimalist%20new%20abstract%20store%20logo%20(6)-500x500.png","yvtGseWF8cgCkw99pOApaQ==":"beige%20and%20black%20trendy%20minimalist%20new%20abstract%20store%20logo%20(9)-500x500.png","ZvfP3q0i3X1kqPMVNUXFXQ==":"beige%20and%20black%20trendy%20minimalist%20new%20abstract%20store%20logo%20(5)-1-500x500.png","rauJRRS88xSwN+p1HTWY4w==":"beige%20and%20black%20trendy%20minimalist%20new%20abstract%20store%20logo%20(4)-1-500x500.png","SLXxSXCMG9yFxb0Ube5soQ==":"holo-500x498.jpg","955qIBdHe9UDZ7sOO8amHg==":"review-500x498.jpg","KWzxQu8yjDp9sIXCrZnGeA==":"hero.gif","yIzWbNsEpXcM3xKsw04/fA==":"7-360x360.png","3SXHJygR2wnMqSXZKhbTmA==":"chatgpt%2520image%25203%2520%25d1%258f%25d0%25bd%25d0%25b2.%25202026%2520%25d0%25b3.,%252022_45-37-360x240.png","ypw8UXJjjgarQSocyqGp8A==":"black%2520kawaii%2520illustration%2520gaming%2520logo%2520(1)-360x360.png","sgHadF8UaJJnjdc3+jrcYg==":"black%2520kawaii%2520illustration%2520gaming%2520logo%2520(1)-360x360.png","BfI0DgMstQhhiMVQ2vhUGQ==":"cleaning-1-360x360.png","TH+Owx4K1DR4pJyu1oeTDQ==":"result-2-360x280.png","hifg848ywb628xh4QgpBGQ==":"chatgpt%2520image%25204%2520%25d1%258f%25d0%25bd%25d0%25b2.%25202026%2520%25d0%25b3.,%252015_08-51-360x240.png","7OfjDUPf6eMZDFd5htuZKQ==":"chatgpt%2520image%25204%2520%25d1%258f%25d0%25bd%25d0%25b2.%25202026%2520%25d0%25b3.,%252015_08-51-360x240.png","6AK7l/v//7qLvEeoP59sRQ==":"1-keychain%2520football-896x908.jpeg","pVn4Y3EC4R+evRaBAbX58Q==":"3%2520-%2520magnit-1622x1079.jpeg","SXDOMKxOej44nemP0rocZQ==":"2%2520-%2520champion-1074x1079.jpeg","lsE/PCsG5llfy1Hcevib9A==":"4%2520-%2520robocop%2520magnit-864x956.jpg","1voi26m6H1hIK2Yx8c6ryA==":"5%2520-%2520fight%2520club-864x929.jpg","O/MJa4HE/gxal4nnSUoiNQ==":"6%2520-%2520rocket-1446x1055.jpeg","0JnDzoEsoN3cSHViyXtP9g==":"web%2520studio%25201-348x348.jpg","zHW51LpIEDCetAk7h/suZg==":"rmt-348x348.jpg","Tf3Qczch/FJKeEObqOGKzw==":"family%2520tree-348x254.jpg","2PAzTZ76DuMb/JJHHBrLjw==":"lumori%2520lunelle-348x348.jpg"}